{
	"texture_size": [64, 32],
	"textures": {
		"particle": "block/end_portal_frame",
		"side": "block/end_portal_frame"
	},
	"elements": [
		{
			"from": [0, 0, 0],
			"to": [16, 13, 16],
			"faces": {
				"north": {"uv": [0, 9.5, 4, 16], "texture": "#side", "cullface": "north"},
				"east": {"uv": [0, 9.5, 4, 16], "texture": "#side", "cullface": "east"},
				"south": {"uv": [0, 9.5, 4, 16], "texture": "#side", "cullface": "south"},
				"west": {"uv": [0, 9.5, 4, 16], "texture": "#side", "cullface": "west"},
				"up": {"uv": [4, 1.5, 8, 9.5], "texture": "#side"},
				"down": {"uv": [8, 1.5, 12, 9.5], "texture": "#side", "cullface": "down"}
			}
		}
	]
}