{
	"texture_size": [64, 32],
	"textures": {
		"eye": "block/end_portal_frame_eye",
		"particle": "block/end_portal_frame_activated",
		"side": "block/end_portal_frame_activated"
	},
	"elements": [
		{
			"from": [0, 0, 0],
			"to": [16, 13, 16],
			"faces": {
				"north": {"uv": [0, 9.5, 4, 16], "texture": "#side", "cullface": "north"},
				"east": {"uv": [0, 9.5, 4, 16], "texture": "#side", "cullface": "east"},
				"south": {"uv": [0, 9.5, 4, 16], "texture": "#side", "cullface": "south"},
				"west": {"uv": [0, 9.5, 4, 16], "texture": "#side", "cullface": "west"},
				"up": {"uv": [4, 1.5, 8, 9.5], "texture": "#side"},
				"down": {"uv": [8, 1.5, 12, 9.5], "texture": "#side", "cullface": "down"}
			}
		},
		{
			"from": [4, 13, 4],
			"to": [12, 16, 12],
			"faces": {
				"north": {"uv": [4, 0, 12, 3], "texture": "#eye"},
				"east": {"uv": [4, 0, 12, 3], "texture": "#eye"},
				"south": {"uv": [4, 0, 12, 3], "texture": "#eye"},
				"west": {"uv": [4, 0, 12, 3], "texture": "#eye"},
				"up": {"uv": [4, 4, 12, 12], "texture": "#eye", "cullface": "up"}
			}
		}
	]
}