{
	"credit": "Made with Blockbench",
	"textures": {
		"2": "block/torch/normal_flame",
		"particle": "block/torch/torch",
		"1_0": "block/torch/torch"
	},
	"elements": [
		{
			"from": [7, 0, 7],
			"to": [9, 10, 9],
			"rotation": {"angle": 0, "axis": "z", "origin": [8, 5, 8]},
			"faces": {
				"north": {"uv": [7, 6, 9, 16], "texture": "#1_0"},
				"east": {"uv": [9, 6, 7, 16], "texture": "#1_0"},
				"south": {"uv": [7, 6, 9, 16], "texture": "#1_0"},
				"west": {"uv": [9, 6, 7, 16], "texture": "#1_0"},
				"up": {"uv": [9, 6, 7, 8], "texture": "#1_0"},
				"down": {"uv": [9, 14, 7, 16], "texture": "#1_0", "cullface": "down"}
			}
		},
		{
			"from": [6.625, 7, 6.625],
			"to": [9.375, 8, 9.375],
			"rotation": {"angle": 0, "axis": "z", "origin": [8, 7.5, 8]},
			"faces": {
				"north": {"uv": [0, 14, 3, 15], "texture": "#1_0"},
				"east": {"uv": [0, 13, 3, 14], "texture": "#1_0"},
				"south": {"uv": [0, 15, 3, 16], "texture": "#1_0"},
				"west": {"uv": [0, 15, 3, 16], "texture": "#1_0"},
				"up": {"uv": [0, 13, 3, 16], "texture": "#1_0"},
				"down": {"uv": [0, 13, 3, 16], "texture": "#1_0"}
			}
		},
		{
			"from": [8.1, 8, 6.75],
			"to": [8.1, 9, 9.25],
			"rotation": {"angle": 0, "axis": "y", "origin": [3.85, 15, 8]},
			"faces": {
				"north": {"uv": [0, 0, 0, 4], "texture": "#2"},
				"east": {"uv": [10, 13, 7, 14], "texture": "#2"},
				"south": {"uv": [0, 0, 0, 4], "texture": "#2"},
				"west": {"uv": [7, 13, 10, 14], "texture": "#2"},
				"up": {"uv": [0, 0, 4, 0], "rotation": 270, "texture": "#2"},
				"down": {"uv": [0, 0, 0, 0], "texture": "#2"}
			}
		},
		{
			"from": [6.6, 8, 8],
			"to": [9.35, 9, 8],
			"rotation": {"angle": 0, "axis": "z", "origin": [10.85, 20, 16]},
			"faces": {
				"north": {"uv": [6, 12, 8, 13], "texture": "#2"},
				"east": {"uv": [0, 0, 0, 4], "texture": "#2"},
				"south": {"uv": [9, 11, 6, 12], "texture": "#2"},
				"west": {"uv": [0, 0, 0, 4], "texture": "#2"},
				"up": {"uv": [0, 0, 4, 0], "texture": "#2"},
				"down": {"uv": [0, 0, 0, 0], "texture": "#2"}
			}
		},
		{
			"from": [8.1, 8.25, 6.5],
			"to": [8.1, 18.25, 9.75],
			"rotation": {"angle": 0, "axis": "y", "origin": [3.85, 15, 8]},
			"faces": {
				"north": {"uv": [0, 0, 0, 4], "texture": "#2"},
				"east": {"uv": [10, 0, 6, 14], "texture": "#2"},
				"south": {"uv": [0, 0, 0, 4], "texture": "#2"},
				"west": {"uv": [6, 0, 10, 14], "texture": "#2"},
				"up": {"uv": [0, 0, 4, 0], "rotation": 270, "texture": "#2"},
				"down": {"uv": [0, 0, 0, 0], "texture": "#2"}
			}
		},
		{
			"from": [6.35, 8.25, 8],
			"to": [9.6, 18.75, 8],
			"rotation": {"angle": 0, "axis": "y", "origin": [10.85, 20, 16]},
			"faces": {
				"north": {"uv": [6, 0, 10, 14], "texture": "#2"},
				"east": {"uv": [0, 0, 0, 4], "texture": "#2"},
				"south": {"uv": [10, 0, 6, 14], "texture": "#2"},
				"west": {"uv": [0, 0, 0, 4], "texture": "#2"},
				"up": {"uv": [0, 0, 4, 0], "texture": "#2"},
				"down": {"uv": [0, 0, 0, 0], "texture": "#2"}
			}
		}
	],
	"groups": [0, 1,
		{
			"name": "torch_standing",
			"origin": [8, 8, 8],
			"children": [
				{
					"name": "torch_wall",
					"origin": [8, 8, 8],
					"children": []
				}
			]
		},
		{
			"name": "torch_standing",
			"origin": [8, 8, 8],
			"children": [
				{
					"name": "torch_wall",
					"origin": [8, 8, 8],
					"children": [2, 3]
				},
				{
					"name": "torch_wall",
					"origin": [8, 8, 8],
					"children": [4, 5]
				}
			]
		}
	]
}